{"t":[0,1,2,3,4,5,6,7,8,9,10,11,12,13,14,15,16,17,18,19,20,21,22,23,24,25,26,27,28,29,30,31,32,33,34,35,36,37,38,39,40,41,42,43,44,45,46,47,48,49,50,51,52,53,54,55,56,57,58,59,60,61,62,63,64,65,66,67,68,69,70,71,72,73,74,75,76,77,78,79,80,81,82,83,84,85,86,87,88,89,90,91,92,93,94,95,96,97,98,99,100,101,102,103,104,105,106,107,108,109,110,111,112,113,114,115,116,117,118,119,120,121,122,123,124,125,126,127,128,129,130,131,132,133,134,135,136,137,138,139,140,141,142,143,144,145,146,147,148,149,150,151,152,153,154,155,156,157,158,159,160,161,162,163,164,165,166,167,168,169,170,171,172,173,174,175,176,177,178,179,180,181,182,183,184,185,186,187,188,189,190,191,192,193,194,195,196,197,198,199,200,201,202,203,204,205,206,207,208,209,210,211,212,213,214,215,216,217,218,219,220,221,222,223,224,225,226,227,228,229,230,231,232,233,234,235,236,237,238,239,240,241,242,243,244,245,246,247,248,249],"y":[7.64644,4.92046,3.37835,16.2044,4.69629,-3.31286,22.8286,3.42038,2.06746,2.73896,10.614,19.0984,-0.279978,1.09425,6.8593,4.22597,4.54619,4.76887,-3.42066,-3.44292,17.6453,15.4775,12.3842,3.4292,-2.6638,3.10347,12.9833,5.27492,3.34149,-1.48203,5.04306,11.0799,13.7816,1.8006,2.66215,8.50656,2.56381,2.46165,12.278,-6.59215,18.6455,-0.343138,4.48963,16.3992,-0.407126,4.97834,5.14559,13.3291,7.0627,1.42061,1.99748,2.39244,10.1914,16.1733,5.43259,-1.87089,9.60995,9.56371,20.0604,-7.50122,-3.54358,-0.0574593,6.5288,12.5496,4.49938,-2.73412,15.2564,-0.341562,-3.35569,5.08441,5.3144,15.1463,8.21488,-1.95596,13.7167,-3.92918,-3.87039,15.1011,-3.38282,1.86871,15.6795,17.1262,10.3935,4.50275,1.89691,-4.95341,15.1138,9.54401,3.46107,3.99583,-2.99715,10.307,13.7882,2.7696,-3.12109,6.3415,-4.68473,0.335603,3.21927,6.14666,9.90778,0.739761,0.130221,4.9629,11.86,15.8403,5.62952,-3.19127,4.6186,9.06899,12.5627,9.91613,1.30687,2.23271,17.2897,21.2405,11.4229,2.94257,2.86068,3.95289,6.00278,12.0,-4.50734,-1.95372,1.82447,6.76197,13.7894,11.1175,-1.80159,-2.12877,5.85858,10.6843,5.82323,-0.979722,20.2241,6.65952,-1.90776,-1.6182,15.1699,13.8604,0.965624,5.05457,6.95149,-0.296244,11.1319,5.00671,-2.25665,2.27921,6.17601,9.69556,4.93331,1.8741,6.50422,7.51852,4.94968,2.24091,11.6486,16.021,3.25794,0.651883,-0.952219,-0.472995,1.76226,0.892978,12.6196,17.3631,7.72,6.52352,-4.77107,4.81295,7.20908,4.14074,7.7509,14.1454,3.38248,2.79521,3.66453,3.38518,14.6512,2.21774,-3.23768,3.80067,5.79101,2.6281,21.7078,10.1137,0.338059,2.89579,-3.67473,-3.90775,2.42014,10.4182,1.67739,-1.69338,-1.11761,6.59372,14.9566,0.461155,2.2077,2.91465,3.78827,10.9312,16.206,1.01667,2.55077,10.1168,10.5041,-0.605046,13.5707,-6.53324,-1.01653,9.56219,15.8712,5.84927,4.8265,1.49703,2.11133,1.43799,11.6908,1.94037,2.35944,2.9328,-2.3316,14.271,6.744,5.2618,7.8165,0.895539,2.53793,3.72725,9.32418,12.6147,2.86922,5.01588,7.53627,-3.51543,-0.762296,-1.88705,13.2192,20.6746,-1.93436,0.342804,12.7668,0.250197,0.166422,3.419,15.9459,18.6315,7.59485,1.39534]}