{"t": [0, 1, 2, 3, 4, 5, 6, 7, 8, 9, 10, 11, 12, 13, 14, 15, 16, 17, 18, 19, 20, 21, 22, 23, 24, 25, 26, 27, 28, 29, 30, 31, 32, 33, 34, 35, 36, 37, 38, 39, 40, 41, 42, 43, 44, 45, 46, 47, 48, 49, 50, 51, 52, 53, 54, 55, 56, 57, 58, 59, 60, 61, 62, 63, 64, 65, 66, 67, 68, 69, 70, 71, 72, 73, 74, 75, 76, 77, 78, 79, 80, 81, 82, 83, 84, 85, 86, 87, 88, 89, 90, 91, 92, 93, 94, 95, 96, 97, 98, 99, 100, 101, 102, 103, 104, 105, 106, 107, 108, 109, 110, 111, 112, 113, 114, 115, 116, 117, 118, 119, 120, 121, 122, 123, 124, 125, 126, 127, 128, 129, 130, 131, 132, 133, 134, 135, 136, 137, 138, 139, 140, 141, 142, 143, 144, 145, 146, 147, 148, 149], "y": [2.2501990002701, 2.2501990002701, 1.02195155685798, 2.9368683815784, 3.74261206254301, -0.492922784361036, 3.13862650975511, 0.102017351489138, 0.381914901322783, 6.56918073155485, 13.9748963230041, 16.2096370361942, 9.38233354674358, 3.56351009711882, 0.97593467357263, 8.48974616536029, 23.5192609490388, 10.8790562679668, 1.25048063244905, 0.94808695910043, 4.5387547116616, 4.94406150577878, 4.48687875223303, 2.46675071256324, 2.67408015115537, 10.3897834511815, 15.7769379528364, 13.8586546370607, 1.03401775970763, 1.12212265776924, 5.84191064579937, 0.353253186686069, 8.50445428093551, 2.75889935793283, 2.8643850587236, 1.79171350908746, 1.63871961364214, 29.5345127094364, 12.0538610856071, -2.21548755599214, 0.528514525479726, 6.25013397672191, 10.5074560973801, 0.924887996294903, -0.196700479479765, -0.815291173747916, 2.39991779525074, 0.426342101876405, 5.74797237014754, 1.5644919972164, 1.22389293910478, 2.04993301697534, -0.676817105875864, -0.329886347894235, 4.03074012167303, -0.499675659453, 0.718153879277172, 6.79915761096052, 17.4348449648002, 5.22713904757028, 0.703191400334962, 4.07363098918646, 8.4172818270074, 20.8341708564785, 14.2157484145416, 2.24967423158545, 0.344988067628164, 5.0941838719683, 0.76771964544797, 8.86884414295159, 2.01490899010223, 1.27841162086358, 4.13353216134735, -0.0594132652243965, 20.7035564133947, 0.0556928871435258, -0.892172846166983, 1.07154247093192, -1.59997716406591, 18.9038408494531, 3.58546633410985, -0.222098973838268, 12.0781386853338, 1.0617930084614, 2.86985121911746, 0.682109865226455, 15.3316086000596, 19.2030387027877, 2.18956953059297, 1.55036795967045, 20.2892344435307, -1.96321166190157, 0.624664331453612, 7.86491471021705, 9.9109738273872, 8.55402668036613, 1.41723945335537, 1.85495630672373, 1.9187481980037, 0.585153666892281, 0.433481070616919, 8.15568500243436, 9.20937861918745, 3.86287294423268, -0.780188625785663, -0.118944555048721, 5.01148740378116, -0.636110716620942, 0.598310895096818, 10.8635786968024, 0.161890248945269, 15.9619092578001, 1.78669549529584, 1.45528274298844, 4.04799633555502, -0.275072644922059, 2.69596683331203, 12.6231782318972, 5.92965962911959, 4.5573920834236, 0.8533973351613, 0.619580927592681, 5.72180557198928, 20.8084621590783, 10.317627411346, 1.83712127391659, 0.800520094401603, 9.95515948521713, 3.42874661692836, 1.21428427531454, -0.611564370097943, 2.78599801872848, 2.93464857047911, 12.3217728415596, 22.967697930578, 7.07945299259743, -0.0700926691814414, 1.41196580686115, 10.3858481101995, 14.5950315196269, 1.68219240692561, 0.165980717803905, 1.46182301291915, 2.21033250598769, 10.1590820103337, 9.35373157294383, 1.92405070116989, -0.225489081791487, 3.55030292588525, -0.30246018864522]}