{"sigma_y":3.0,"y":[0.0,0.349179,-0.133355,15.2436,1.06778,3.26211,24.8867,1.79065,1.77999,5.87885,5.94121,1.90552,2.35742,3.2501,4.31136,-1.91285,-5.32377,5.11524,1.19462,-2.7449,5.47713,-3.51993,17.5366,0.764361,-0.87393,8.37834,13.91,9.77863,-6.18162,4.64007,3.64753,-8.37276,13.5815,4.2846,-2.84694,0.0350977,13.3369,16.2611,-0.976416,2.51746,12.111,0.522346,1.08352,4.54991,1.70047,0.839472,7.89044,1.49966,9.14619,-1.34171,-0.901547,2.86598,2.96753,14.4959,2.26524,3.55628,7.6178,0.273423,-2.45301,8.09876,13.3289,7.26732,0.115648,-3.22477,11.7454,3.00227,0.710824,11.725,7.76667,7.31553,5.59017,1.80175,12.4509,17.4552,12.2119,-1.77689,-0.376933,11.7617,-2.09731,0.405789,9.44507,10.6821,6.34892,-7.08868,2.64862,11.1963,11.8303,5.36089,1.45354,-4.5688,6.47605,15.2951,14.127,1.20934,2.64098,0.995237,-2.60655,3.52309,-2.68567,3.13717,17.1206,0.175925,2.6232,8.13347,1.17485,6.1754,-0.566883,7.29333,6.2178,-2.86066,-0.0378268,9.97559,-0.0103721,1.39688,0.783574,6.12167,12.8902,-6.92601,-1.27817,9.78459,-1.47216,0.34288,9.88164,21.203,12.2307,3.17754,5.6314,12.3856,-2.95293,-0.0462979,11.0227,18.9444,6.81044,5.69026,6.52546,8.29127,13.3666,8.03931,0.902744,0.204019,5.98222,18.4391,13.0258,1.70081,6.61851,10.9365,7.69617,3.4247,7.77447,3.13123,1.09612,12.6599,15.8423,5.26577,3.47602,13.0225,7.06148,-2.89047,-10.1357,-1.87158,5.3561,2.80591,12.8054,9.88179,2.42,-2.72313,11.5792,3.24976,9.0671,1.42438,1.20299,-0.577597,7.3431,10.6521,5.86542,-0.0273343,21.8004,6.2262,-4.56761,7.05394,1.82852,-3.10933,7.87531,-1.40641,12.0353,-1.7776,-0.148635,5.70647,-2.97628,8.34143,4.28983,1.89922,1.68802,9.07565,21.5106,4.85664,1.91878,-0.440021,-1.95172,11.7635,5.56988,-1.00921,-0.576656,10.7135,13.8623,10.314,3.79818,-2.48598,1.42449,12.4733,8.14858,1.26134,-1.13025,10.0513,4.08495,1.49307,5.89354,9.21471,3.56654,-3.21509,1.49412,2.3302,9.76911,8.85171,1.47352,-2.44846,-1.41485,12.1516,7.72022,11.0145,4.8967,10.7896,2.37766,2.1548,0.763886,3.98623,17.4208,3.99996,2.2394,20.8373,6.44184,3.94226,-1.79117,10.2572,17.4876,-0.592691,2.34686,4.42979,-0.103751,16.9611],"sigma_x":2.3,"t":[0,1,2,3,4,5,6,7,8,9,10,11,12,13,14,15,16,17,18,19,20,21,22,23,24,25,26,27,28,29,30,31,32,33,34,35,36,37,38,39,40,41,42,43,44,45,46,47,48,49,50,51,52,53,54,55,56,57,58,59,60,61,62,63,64,65,66,67,68,69,70,71,72,73,74,75,76,77,78,79,80,81,82,83,84,85,86,87,88,89,90,91,92,93,94,95,96,97,98,99,100,101,102,103,104,105,106,107,108,109,110,111,112,113,114,115,116,117,118,119,120,121,122,123,124,125,126,127,128,129,130,131,132,133,134,135,136,137,138,139,140,141,142,143,144,145,146,147,148,149,150,151,152,153,154,155,156,157,158,159,160,161,162,163,164,165,166,167,168,169,170,171,172,173,174,175,176,177,178,179,180,181,182,183,184,185,186,187,188,189,190,191,192,193,194,195,196,197,198,199,200,201,202,203,204,205,206,207,208,209,210,211,212,213,214,215,216,217,218,219,220,221,222,223,224,225,226,227,228,229,230,231,232,233,234,235,236,237,238,239,240,241,242,243,244,245,246,247,248,249],"x":[0.162364,7.65917,-1.75011,-20.0715,-7.41398,1.48356,20.552,5.26019,2.30707,10.9439,12.5129,10.041,5.69067,-3.37568,-10.384,-6.47599,2.97943,9.15984,-0.025624,-2.63614,-10.145,0.643053,19.2212,3.83338,1.89437,10.9103,14.6572,11.9455,3.45971,-4.52892,-7.27446,3.63988,13.1444,7.69597,2.50895,6.25092,14.7239,19.3179,8.70725,-0.540869,-13.0434,-1.8287,1.23289,15.3365,0.196203,-1.50007,-10.4994,1.16328,18.1946,3.83926,-0.960051,-12.2505,3.77885,15.0535,8.55374,-1.43867,-11.8779,-4.69683,-1.65336,-12.8453,-17.3111,-14.6568,-7.46297,0.434682,14.0077,3.15549,2.93704,11.9087,15.8547,11.3456,0.621444,6.09756,12.4101,18.3008,16.4649,4.42805,-3.53428,-14.501,-2.07819,-1.25415,-12.9912,-12.1893,-9.31293,-1.41013,-1.57118,-10.6356,-15.7876,-11.6236,-6.42016,-0.356537,-8.35787,-15.736,-15.5756,-5.55909,0.311357,8.26778,1.87126,0.26923,3.42015,13.6243,17.2564,7.75451,-5.22259,-11.9703,-4.65016,-3.03275,-6.62316,-14.9766,-12.0945,-2.79696,1.78781,14.1752,0.0537026,-5.98906,-3.23273,1.63691,13.6088,0.458893,-0.70452,-11.241,-5.69259,-3.55375,-13.4143,-17.7083,-14.1774,-5.88244,0.500714,14.0356,0.83907,9.31231,15.7961,20.7875,13.9158,2.49868,2.35996,13.4217,17.1574,15.1968,0.915741,4.69153,6.12242,14.9778,18.071,6.86437,-1.66484,-16.0876,-2.16477,1.81133,11.4583,0.543491,5.96075,12.9588,15.6367,10.7721,-1.90717,-17.8097,-5.68217,0.127379,3.03547,2.42509,4.2035,10.7315,12.0895,15.6163,8.12764,0.93714,11.7797,10.2073,14.8573,2.79241,4.01134,3.13904,12.0584,17.2851,10.4976,-2.00481,-18.4539,-9.87026,0.781401,15.9056,5.37519,-2.67032,-12.0515,0.0934534,10.5623,3.5649,-2.17199,-10.1038,0.329607,10.6171,5.31988,0.634918,6.36906,10.3921,20.3971,12.3707,4.29839,3.72476,7.26602,17.5798,11.818,4.56783,2.19439,12.6342,15.5329,14.9258,3.39935,5.23444,6.34139,13.0461,15.639,9.18458,-3.17475,-11.9231,-2.96967,-0.646427,-9.50354,-14.7115,-12.0579,-4.7031,-2.71368,-4.01714,-12.6408,-13.3479,-9.96507,-3.26317,-5.57994,-14.8178,-14.1123,-12.0243,0.946528,17.7473,4.59055,3.73145,5.88264,11.0502,17.648,11.4095,-1.08441,-19.8641,-11.6496,-1.32425,-8.22114,-12.1827,-15.4679,-4.60997,0.101422,6.07964,-3.85503,-18.0309]}