{"t":[0,1,2,3,4,5,6,7,8,9,10,11,12,13,14,15,16,17,18,19,20,21,22,23,24,25,26,27,28,29,30,31,32,33,34,35,36,37,38,39,40,41,42,43,44,45,46,47,48,49,50,51,52,53,54,55,56,57,58,59,60,61,62,63,64,65,66,67,68,69,70,71,72,73,74,75,76,77,78,79,80,81,82,83,84,85,86,87,88,89,90,91,92,93,94,95,96,97,98,99,100,101,102,103,104,105,106,107,108,109,110,111,112,113,114,115,116,117,118,119,120,121,122,123,124,125,126,127,128,129,130,131,132,133,134,135,136,137,138,139,140,141,142,143,144,145,146,147,148,149,150,151,152,153,154,155,156,157,158,159,160,161,162,163,164,165,166,167,168,169,170,171,172,173,174,175,176,177,178,179,180,181,182,183,184,185,186,187,188,189,190,191,192,193,194,195,196,197,198,199,200,201,202,203,204,205,206,207,208,209,210,211,212,213,214,215,216,217,218,219,220,221,222,223,224,225,226,227,228,229,230,231,232,233,234,235,236,237,238,239,240,241,242,243,244,245,246,247,248,249],"x":[-8.47157,-6.76515,-9.81536,-17.7819,-10.0058,1.63565,17.9684,8.38855,3.63513,6.60354,14.744,18.662,6.14412,0.701767,8.42125,12.2766,11.4675,7.53874,2.9693,2.13295,16.9393,16.9802,14.9212,6.89018,5.19581,8.53323,15.1188,13.0242,3.06348,3.01289,7.33501,13.9338,15.5589,3.83238,-1.37432,-14.684,-5.54061,1.10113,11.3347,-1.24379,-19.2912,-7.61618,1.10578,18.2883,2.08886,2.5871,12.3326,14.9322,9.96876,1.79477,4.15607,0.673082,17.7315,17.0683,5.51492,2.02213,12.4259,17.1183,20.5475,6.81242,1.94256,7.36003,12.0924,16.6311,8.19512,-2.12662,-18.0224,-7.2764,-0.880527,-10.7452,-12.7796,-17.7882,-8.54392,5.5676,14.9022,2.01635,-2.47546,-15.6412,-3.20048,-1.46002,-16.2176,-15.7493,-14.7866,-7.25137,-3.85502,-4.57053,-16.7216,-13.3247,-4.5901,-0.213034,-2.56081,-15.9243,-15.5465,-7.72497,2.69606,14.1414,2.16553,2.58965,10.614,13.3483,15.3239,7.28463,2.13308,8.35333,13.1709,17.6182,7.34794,1.79875,7.71738,8.13229,14.504,15.7123,5.89481,1.55203,18.9932,19.7707,13.8183,4.52503,5.30475,8.70513,13.5546,13.2891,2.9718,1.08168,6.39932,14.1047,16.7647,12.5829,2.20338,5.40107,10.5604,12.4692,8.58186,-3.762,-16.9003,-9.46257,-0.321625,-1.69588,-17.7935,-15.7188,-5.68496,-2.04572,-7.67372,-8.80898,-14.7258,-13.2413,-1.95971,-7.4699,-10.3197,-14.4138,-14.934,-6.04519,3.10716,11.9839,0.793034,4.31498,12.5164,16.8115,10.4896,2.91204,-0.196989,-1.06184,-6.41393,-0.983161,-15.0426,-20.211,-12.7562,-3.70787,0.791126,8.11515,3.75104,9.0167,15.2274,15.6138,11.6428,1.40926,7.41394,5.7618,15.6382,8.41261,-0.284789,-13.2885,-8.09284,0.838379,19.4066,10.2649,-2.65085,-11.2847,-0.475657,-0.810895,-9.28587,-12.3071,-9.6292,-1.92752,-3.65076,-7.80329,-14.5778,-12.1176,-0.503017,-1.11332,-7.7573,-14.4064,-16.6067,-7.39905,3.24229,13.3545,9.15099,-4.8699,-11.6651,-1.59715,-1.95166,-14.8917,-15.6948,-12.6488,-4.15553,0.459205,8.32802,-2.10343,-16.086,-5.05019,2.81751,7.41167,-1.50339,-19.1645,-7.36637,0.0482084,6.29539,1.6429,6.60399,7.98625,14.0049,14.4815,5.68499,-2.91631,-10.7012,-1.50531,-4.94674,-7.42365,-13.6036,-17.9156,-6.25747,2.47605,16.7582,1.32896,4.84417,5.0884,16.0022,17.644,6.52686,-0.0994313],"y":[7.64644,4.92046,3.37835,16.2044,4.69629,-3.31286,22.8286,3.42038,2.06746,2.73896,10.614,19.0984,-0.279978,1.09425,6.8593,4.22597,4.54619,4.76887,-3.42066,-3.44292,17.6453,15.4775,12.3842,3.4292,-2.6638,3.10347,12.9833,5.27492,3.34149,-1.48203,5.04306,11.0799,13.7816,1.8006,2.66215,8.50656,2.56381,2.46165,12.278,-6.59215,18.6455,-0.343138,4.48963,16.3992,-0.407126,4.97834,5.14559,13.3291,7.0627,1.42061,1.99748,2.39244,10.1914,16.1733,5.43259,-1.87089,9.60995,9.56371,20.0604,-7.50122,-3.54358,-0.0574593,6.5288,12.5496,4.49938,-2.73412,15.2564,-0.341562,-3.35569,5.08441,5.3144,15.1463,8.21488,-1.95596,13.7167,-3.92918,-3.87039,15.1011,-3.38282,1.86871,15.6795,17.1262,10.3935,4.50275,1.89691,-4.95341,15.1138,9.54401,3.46107,3.99583,-2.99715,10.307,13.7882,2.7696,-3.12109,6.3415,-4.68473,0.335603,3.21927,6.14666,9.90778,0.739761,0.130221,4.9629,11.86,15.8403,5.62952,-3.19127,4.6186,9.06899,12.5627,9.91613,1.30687,2.23271,17.2897,21.2405,11.4229,2.94257,2.86068,3.95289,6.00278,12.0,-4.50734,-1.95372,1.82447,6.76197,13.7894,11.1175,-1.80159,-2.12877,5.85858,10.6843,5.82323,-0.979722,20.2241,6.65952,-1.90776,-1.6182,15.1699,13.8604,0.965624,5.05457,6.95149,-0.296244,11.1319,5.00671,-2.25665,2.27921,6.17601,9.69556,4.93331,1.8741,6.50422,7.51852,4.94968,2.24091,11.6486,16.021,3.25794,0.651883,-0.952219,-0.472995,1.76226,0.892978,12.6196,17.3631,7.72,6.52352,-4.77107,4.81295,7.20908,4.14074,7.7509,14.1454,3.38248,2.79521,3.66453,3.38518,14.6512,2.21774,-3.23768,3.80067,5.79101,2.6281,21.7078,10.1137,0.338059,2.89579,-3.67473,-3.90775,2.42014,10.4182,1.67739,-1.69338,-1.11761,6.59372,14.9566,0.461155,2.2077,2.91465,3.78827,10.9312,16.206,1.01667,2.55077,10.1168,10.5041,-0.605046,13.5707,-6.53324,-1.01653,9.56219,15.8712,5.84927,4.8265,1.49703,2.11133,1.43799,11.6908,1.94037,2.35944,2.9328,-2.3316,14.271,6.744,5.2618,7.8165,0.895539,2.53793,3.72725,9.32418,12.6147,2.86922,5.01588,7.53627,-3.51543,-0.762296,-1.88705,13.2192,20.6746,-1.93436,0.342804,12.7668,0.250197,0.166422,3.419,15.9459,18.6315,7.59485,1.39534]}